cellid,layer,cell_type,cell_subtype
1449763370,L2,neuron,bipolar
1946459333,L2,neuron,bipolar
1975633226,L2,neuron,bipolar
2281071731,L2,neuron,bipolar
2587810028,L2,neuron,bipolar
2892721051,L2,neuron,bipolar
4001141262,L2,neuron,bipolar
4233006294,L2,neuron,bipolar
5529092085,L2,neuron,bipolar
27245162028,L2,neuron,bipolar
28892036786,L2,neuron,bipolar
29052049928,L2,neuron,bipolar
29343267425,L2,neuron,bipolar
30451512536,L2,neuron,bipolar
30902302795,L2,neuron,bipolar
30931184003,L2,neuron,bipolar
36242208593,L2,neuron,bipolar
36329508730,L2,neuron,bipolar
37014339461,L2,neuron,bipolar
37552429430,L2,neuron,bipolar
37580916292,L2,neuron,bipolar
38966756729,L2,neuron,bipolar
39155925581,L2,neuron,bipolar
45208786056,L2,neuron,bipolar
57017811660,L2,neuron,bipolar
1346358430,L3,neuron,bipolar
46781166937,L3,neuron,bipolar
59172452028,L3,neuron,bipolar
2393893049,L4,neuron,bipolar
2800720417,L4,neuron,bipolar
3454714070,L4,neuron,bipolar
3586970177,L4,neuron,bipolar
3718276923,L4,neuron,bipolar
3850386573,L4,neuron,bipolar
3907840855,L4,neuron,bipolar
4096340441,L4,neuron,bipolar
4214681004,L4,neuron,bipolar
4505081202,L4,neuron,bipolar
4943635792,L4,neuron,bipolar
5073381104,L4,neuron,bipolar
5541328846,L4,neuron,bipolar
5774755285,L4,neuron,bipolar
29135319029,L4,neuron,bipolar
29759263767,L4,neuron,bipolar
29819084477,L4,neuron,bipolar
30211019506,L4,neuron,bipolar
31453635917,L4,neuron,bipolar
32033938693,L4,neuron,bipolar
32630943701,L4,neuron,bipolar
32908508799,L4,neuron,bipolar
33373360523,L4,neuron,bipolar
37999250214,L4,neuron,bipolar
40097749911,L4,neuron,bipolar
41687418500,L4,neuron,bipolar
56049502603,L4,neuron,bipolar
56997530540,L4,neuron,bipolar
73517597355,L4,neuron,bipolar
2887610997,L5,neuron,bipolar
3006113857,L5,neuron,bipolar
3105136382,L5,neuron,bipolar
3223274014,L5,neuron,bipolar
3308995863,L5,neuron,bipolar
3338402126,L5,neuron,bipolar
3338693880,L5,neuron,bipolar
3470629528,L5,neuron,bipolar
3471636002,L5,neuron,bipolar
3570894156,L5,neuron,bipolar
3571083397,L5,neuron,bipolar
3571201273,L5,neuron,bipolar
3585188282,L5,neuron,bipolar
3643825567,L5,neuron,bipolar
3731387788,L5,neuron,bipolar
3803721169,L5,neuron,bipolar
3876114143,L5,neuron,bipolar
3891211258,L5,neuron,bipolar
3919434378,L5,neuron,bipolar
3921319354,L5,neuron,bipolar
3934137728,L5,neuron,bipolar
3965500400,L5,neuron,bipolar
4036738505,L5,neuron,bipolar
4051822360,L5,neuron,bipolar
4094208392,L5,neuron,bipolar
4108298238,L5,neuron,bipolar
4123132637,L5,neuron,bipolar
4128739414,L5,neuron,bipolar
4138041560,L5,neuron,bipolar
4138580687,L5,neuron,bipolar
4139939668,L5,neuron,bipolar
4153430089,L5,neuron,bipolar
4153575683,L5,neuron,bipolar
4168147487,L5,neuron,bipolar
4184383998,L5,neuron,bipolar
4197686564,L5,neuron,bipolar
4212081898,L5,neuron,bipolar
4213717297,L5,neuron,bipolar
4215353416,L5,neuron,bipolar
4254688406,L5,neuron,bipolar
4268471425,L5,neuron,bipolar
4271363320,L5,neuron,bipolar
4285715192,L5,neuron,bipolar
4314128561,L5,neuron,bipolar
4314610618,L5,neuron,bipolar
4328306687,L5,neuron,bipolar
4328569728,L5,neuron,bipolar
4370328113,L5,neuron,bipolar
4373379460,L5,neuron,bipolar
4385455077,L5,neuron,bipolar
4387645213,L5,neuron,bipolar
4401165182,L5,neuron,bipolar
4401720797,L5,neuron,bipolar
4401836842,L5,neuron,bipolar
4402377014,L5,neuron,bipolar
4415590654,L5,neuron,bipolar
4429870422,L5,neuron,bipolar
4431330530,L5,neuron,bipolar
4445420826,L5,neuron,bipolar
4474214249,L5,neuron,bipolar
4489020400,L5,neuron,bipolar
4489647258,L5,neuron,bipolar
4501838736,L5,neuron,bipolar
4502817979,L5,neuron,bipolar
4516762348,L5,neuron,bipolar
4519243281,L5,neuron,bipolar
4546022793,L5,neuron,bipolar
4546182625,L5,neuron,bipolar
4546329154,L5,neuron,bipolar
4546722225,L5,neuron,bipolar
4547774204,L5,neuron,bipolar
4547948782,L5,neuron,bipolar
4589094341,L5,neuron,bipolar
4589766207,L5,neuron,bipolar
4592526340,L5,neuron,bipolar
4619362213,L5,neuron,bipolar
4633875577,L5,neuron,bipolar
4648681800,L5,neuron,bipolar
4663223744,L5,neuron,bipolar
4663924760,L5,neuron,bipolar
4677854201,L5,neuron,bipolar
4692543081,L5,neuron,bipolar
4706252842,L5,neuron,bipolar
4706574652,L5,neuron,bipolar
4707947344,L5,neuron,bipolar
4735045909,L5,neuron,bipolar
4750084977,L5,neuron,bipolar
4777842990,L5,neuron,bipolar
4781200505,L5,neuron,bipolar
4794106960,L5,neuron,bipolar
4795962497,L5,neuron,bipolar
4796545315,L5,neuron,bipolar
4822112549,L5,neuron,bipolar
4823164389,L5,neuron,bipolar
4838990553,L5,neuron,bipolar
4839209657,L5,neuron,bipolar
4839341527,L5,neuron,bipolar
4854206125,L5,neuron,bipolar
4867842710,L5,neuron,bipolar
4867885834,L5,neuron,bipolar
4911572496,L5,neuron,bipolar
4912623647,L5,neuron,bipolar
4912682244,L5,neuron,bipolar
4913382520,L5,neuron,bipolar
4927560106,L5,neuron,bipolar
4939182495,L5,neuron,bipolar
4983949173,L5,neuron,bipolar
4984051366,L5,neuron,bipolar
4984228148,L5,neuron,bipolar
5000010309,L5,neuron,bipolar
5013356149,L5,neuron,bipolar
5013794602,L5,neuron,bipolar
5025067360,L5,neuron,bipolar
5043960496,L5,neuron,bipolar
5055786972,L5,neuron,bipolar
5057553049,L5,neuron,bipolar
5070358536,L5,neuron,bipolar
5073949710,L5,neuron,bipolar
5086141554,L5,neuron,bipolar
5086230088,L5,neuron,bipolar
5087280434,L5,neuron,bipolar
5099852907,L5,neuron,bipolar
5100510137,L5,neuron,bipolar
5100685756,L5,neuron,bipolar
5101444170,L5,neuron,bipolar
5115534039,L5,neuron,bipolar
5116205095,L5,neuron,bipolar
5130091328,L5,neuron,bipolar
5131361032,L5,neuron,bipolar
5143333956,L5,neuron,bipolar
5144808371,L5,neuron,bipolar
5159278839,L5,neuron,bipolar
5159803735,L5,neuron,bipolar
5159993420,L5,neuron,bipolar
5172755723,L5,neuron,bipolar
5187808756,L5,neuron,bipolar
5202803880,L5,neuron,bipolar
5217039516,L5,neuron,bipolar
5218018257,L5,neuron,bipolar
5230662252,L5,neuron,bipolar
5232282961,L5,neuron,bipolar
5233248295,L5,neuron,bipolar
5247205432,L5,neuron,bipolar
5262799563,L5,neuron,bipolar
5275721242,L5,neuron,bipolar
5289607123,L5,neuron,bipolar
5290628570,L5,neuron,bipolar
5290978976,L5,neuron,bipolar
5303667395,L5,neuron,bipolar
5304821127,L5,neuron,bipolar
5319189326,L5,neuron,bipolar
5320400202,L5,neuron,bipolar
5320488582,L5,neuron,bipolar
5332971480,L5,neuron,bipolar
5365955112,L5,neuron,bipolar
5392251910,L5,neuron,bipolar
5405349641,L5,neuron,bipolar
5405976475,L5,neuron,bipolar
5406736063,L5,neuron,bipolar
5407494994,L5,neuron,bipolar
5408401469,L5,neuron,bipolar
5420709385,L5,neuron,bipolar
5420840295,L5,neuron,bipolar
5421148001,L5,neuron,bipolar
5421336745,L5,neuron,bipolar
5434595610,L5,neuron,bipolar
5436507845,L5,neuron,bipolar
5464747312,L5,neuron,bipolar
5478616461,L5,neuron,bipolar
5539020957,L5,neuron,bipolar
5567638733,L5,neuron,bipolar
5567711747,L5,neuron,bipolar
5581378299,L5,neuron,bipolar
5581510029,L5,neuron,bipolar
5595586017,L5,neuron,bipolar
5597089594,L5,neuron,bipolar
5610302956,L5,neuron,bipolar
5624219241,L5,neuron,bipolar
5641930003,L5,neuron,bipolar
5697237210,L5,neuron,bipolar
5698348019,L5,neuron,bipolar
5698624297,L5,neuron,bipolar
5727870456,L5,neuron,bipolar
5756210897,L5,neuron,bipolar
5757365776,L5,neuron,bipolar
5770826833,L5,neuron,bipolar
5772886684,L5,neuron,bipolar
5784625240,L5,neuron,bipolar
5785530020,L5,neuron,bipolar
5814702337,L5,neuron,bipolar
5830048645,L5,neuron,bipolar
5843802036,L5,neuron,bipolar
5844196696,L5,neuron,bipolar
5844330471,L5,neuron,bipolar
5872566163,L5,neuron,bipolar
5902557309,L5,neuron,bipolar
5902646056,L5,neuron,bipolar
5916077620,L5,neuron,bipolar
5917697904,L5,neuron,bipolar
5930663917,L5,neuron,bipolar
5931028416,L5,neuron,bipolar
5960391297,L5,neuron,bipolar
5976525158,L5,neuron,bipolar
5977227354,L5,neuron,bipolar
6006019472,L5,neuron,bipolar
6018446166,L5,neuron,bipolar
6019146684,L5,neuron,bipolar
6032010176,L5,neuron,bipolar
6032914189,L5,neuron,bipolar
6048040825,L5,neuron,bipolar
6063256489,L5,neuron,bipolar
6077169830,L5,neuron,bipolar
6105700421,L5,neuron,bipolar
6106284240,L5,neuron,bipolar
6107116586,L5,neuron,bipolar
6120257502,L5,neuron,bipolar
6120520194,L5,neuron,bipolar
6135078507,L5,neuron,bipolar
6136362338,L5,neuron,bipolar
6149094594,L5,neuron,bipolar
6149503191,L5,neuron,bipolar
6149679443,L5,neuron,bipolar
6150468346,L5,neuron,bipolar
6163286531,L5,neuron,bipolar
6164527615,L5,neuron,bipolar
6179202111,L5,neuron,bipolar
6195014585,L5,neuron,bipolar
6207279690,L5,neuron,bipolar
6207354122,L5,neuron,bipolar
6223136057,L5,neuron,bipolar
6237211519,L5,neuron,bipolar
6237708396,L5,neuron,bipolar
6237926854,L5,neuron,bipolar
6267013511,L5,neuron,bipolar
6280474821,L5,neuron,bipolar
6280620168,L5,neuron,bipolar
6280839194,L5,neuron,bipolar
6294316445,L5,neuron,bipolar
6296506059,L5,neuron,bipolar
6310129749,L5,neuron,bipolar
6323371913,L5,neuron,bipolar
6338455942,L5,neuron,bipolar
6338659654,L5,neuron,bipolar
6353011915,L5,neuron,bipolar
6354268105,L5,neuron,bipolar
6368722617,L5,neuron,bipolar
6383192231,L5,neuron,bipolar
6397866542,L5,neuron,bipolar
6440559972,L5,neuron,bipolar
6441639991,L5,neuron,bipolar
6441829812,L5,neuron,bipolar
6442705868,L5,neuron,bipolar
6454751678,L5,neuron,bipolar
6455423377,L5,neuron,bipolar
6456022246,L5,neuron,bipolar
6497926869,L5,neuron,bipolar
6498058438,L5,neuron,bipolar
6498277275,L5,neuron,bipolar
6528954156,L5,neuron,bipolar
6544563396,L5,neuron,bipolar
6559981572,L5,neuron,bipolar
6632226962,L5,neuron,bipolar
6644185383,L5,neuron,bipolar
6644856731,L5,neuron,bipolar
6672760127,L5,neuron,bipolar
6673328708,L5,neuron,bipolar
6674146320,L5,neuron,bipolar
6674321549,L5,neuron,bipolar
6704064950,L5,neuron,bipolar
6761577291,L5,neuron,bipolar
6789800954,L5,neuron,bipolar
6804899404,L5,neuron,bipolar
6805263368,L5,neuron,bipolar
6806139363,L5,neuron,bipolar
6819484674,L5,neuron,bipolar
6820112520,L5,neuron,bipolar
6833808250,L5,neuron,bipolar
6833911543,L5,neuron,bipolar
6834085661,L5,neuron,bipolar
6863419127,L5,neuron,bipolar
6907340254,L5,neuron,bipolar
6921633306,L5,neuron,bipolar
6936248872,L5,neuron,bipolar
6937754510,L5,neuron,bipolar
6950953079,L5,neuron,bipolar
6951229597,L5,neuron,bipolar
6965525562,L5,neuron,bipolar
6966283160,L5,neuron,bipolar
7008758971,L5,neuron,bipolar
7052458423,L5,neuron,bipolar
7052487499,L5,neuron,bipolar
7052721069,L5,neuron,bipolar
7081689438,L5,neuron,bipolar
7110395103,L5,neuron,bipolar
7154811259,L5,neuron,bipolar
7182801373,L5,neuron,bipolar
7300223993,L5,neuron,bipolar
7344742514,L5,neuron,bipolar
7401845559,L5,neuron,bipolar
21940807057,L5,neuron,bipolar
25249714113,L5,neuron,bipolar
29875896864,L5,neuron,bipolar
29919437456,L5,neuron,bipolar
30021410426,L5,neuron,bipolar
30151826172,L5,neuron,bipolar
30210610362,L5,neuron,bipolar
30225445097,L5,neuron,bipolar
30240089916,L5,neuron,bipolar
30398946901,L5,neuron,bipolar
30443656692,L5,neuron,bipolar
30486890533,L5,neuron,bipolar
30544331473,L5,neuron,bipolar
30573795542,L5,neuron,bipolar
30587943683,L5,neuron,bipolar
30588017519,L5,neuron,bipolar
30588382028,L5,neuron,bipolar
30605127877,L5,neuron,bipolar
30735369357,L5,neuron,bipolar
30793073087,L5,neuron,bipolar
30922643423,L5,neuron,bipolar
30982871694,L5,neuron,bipolar
30995429082,L5,neuron,bipolar
30997195192,L5,neuron,bipolar
30997632884,L5,neuron,bipolar
31171253595,L5,neuron,bipolar
31184629116,L5,neuron,bipolar
31230373387,L5,neuron,bipolar
31244711603,L5,neuron,bipolar
31244957906,L5,neuron,bipolar
31259472809,L5,neuron,bipolar
31274759074,L5,neuron,bipolar
31332404279,L5,neuron,bipolar
31390442922,L5,neuron,bipolar
31390837892,L5,neuron,bipolar
31422068791,L5,neuron,bipolar
31478312399,L5,neuron,bipolar
31639770283,L5,neuron,bipolar
31709796963,L5,neuron,bipolar
31741290976,L5,neuron,bipolar
32018549008,L5,neuron,bipolar
32224262452,L5,neuron,bipolar
32249975480,L5,neuron,bipolar
32936061086,L5,neuron,bipolar
32979937437,L5,neuron,bipolar
33124093003,L5,neuron,bipolar
33196178147,L5,neuron,bipolar
33256144637,L5,neuron,bipolar
33285068592,L5,neuron,bipolar
33301085565,L5,neuron,bipolar
33345050064,L5,neuron,bipolar
33430684914,L5,neuron,bipolar
33447140222,L5,neuron,bipolar
33488256679,L5,neuron,bipolar
33517312799,L5,neuron,bipolar
33519166811,L5,neuron,bipolar
33561174021,L5,neuron,bipolar
33562107623,L5,neuron,bipolar
33604407529,L5,neuron,bipolar
33664023230,L5,neuron,bipolar
33838461963,L5,neuron,bipolar
33852128018,L5,neuron,bipolar
33881359232,L5,neuron,bipolar
33882877977,L5,neuron,bipolar
33882950806,L5,neuron,bipolar
33939441897,L5,neuron,bipolar
34027121250,L5,neuron,bipolar
34028114756,L5,neuron,bipolar
34099367184,L5,neuron,bipolar
34187104859,L5,neuron,bipolar
38886173614,L5,neuron,bipolar
38944722952,L5,neuron,bipolar
38959191713,L5,neuron,bipolar
39016618604,L5,neuron,bipolar
39016794578,L5,neuron,bipolar
39147502414,L5,neuron,bipolar
39234714289,L5,neuron,bipolar
39249182574,L5,neuron,bipolar
39467381060,L5,neuron,bipolar
41990870225,L5,neuron,bipolar
42005910724,L5,neuron,bipolar
42325876904,L5,neuron,bipolar
42354947044,L5,neuron,bipolar
51118101511,L5,neuron,bipolar
56979908277,L5,neuron,bipolar
69474508206,L5,neuron,bipolar
87497763991,L5,neuron,bipolar
3411757268,L6,neuron,bipolar
3615003279,L6,neuron,bipolar
3760649583,L6,neuron,bipolar
3788376389,L6,neuron,bipolar
3803487761,L6,neuron,bipolar
3860972627,L6,neuron,bipolar
3904585871,L6,neuron,bipolar
3934517187,L6,neuron,bipolar
3949439113,L6,neuron,bipolar
3977560878,L6,neuron,bipolar
4006748353,L6,neuron,bipolar
4079680017,L6,neuron,bipolar
4094470869,L6,neuron,bipolar
4108269136,L6,neuron,bipolar
4137383546,L6,neuron,bipolar
4152290803,L6,neuron,bipolar
4166601250,L6,neuron,bipolar
4167593896,L6,neuron,bipolar
4181682668,L6,neuron,bipolar
4210300862,L6,neuron,bipolar
4239562349,L6,neuron,bipolar
4253680570,L6,neuron,bipolar
4269872867,L6,neuron,bipolar
4326671105,L6,neuron,bipolar
4341184060,L6,neuron,bipolar
4370590371,L6,neuron,bipolar
4428220922,L6,neuron,bipolar
4428264690,L6,neuron,bipolar
4443042188,L6,neuron,bipolar
4443131684,L6,neuron,bipolar
4443421585,L6,neuron,bipolar
4458473799,L6,neuron,bipolar
4472068090,L6,neuron,bipolar
4487589514,L6,neuron,bipolar
4501212074,L6,neuron,bipolar
4516104405,L6,neuron,bipolar
4516105355,L6,neuron,bipolar
4516979974,L6,neuron,bipolar
4517023790,L6,neuron,bipolar
4531947169,L6,neuron,bipolar
4546752678,L6,neuron,bipolar
4547160238,L6,neuron,bipolar
4559279082,L6,neuron,bipolar
4573895038,L6,neuron,bipolar
4588365131,L6,neuron,bipolar
4602834370,L6,neuron,bipolar
4618676132,L6,neuron,bipolar
4619888013,L6,neuron,bipolar
4633700399,L6,neuron,bipolar
4646609246,L6,neuron,bipolar
4661340687,L6,neuron,bipolar
4675751849,L6,neuron,bipolar
4705712494,L6,neuron,bipolar
4706443111,L6,neuron,bipolar
4706559981,L6,neuron,bipolar
4706880730,L6,neuron,bipolar
4722445292,L6,neuron,bipolar
4722972252,L6,neuron,bipolar
4735016796,L6,neuron,bipolar
4748245530,L6,neuron,bipolar
4748276275,L6,neuron,bipolar
4793654335,L6,neuron,bipolar
4793669155,L6,neuron,bipolar
4808240742,L6,neuron,bipolar
4808913797,L6,neuron,bipolar
4821031272,L6,neuron,bipolar
4822375607,L6,neuron,bipolar
4835545030,L6,neuron,bipolar
4851050851,L6,neuron,bipolar
4851125101,L6,neuron,bipolar
4896110774,L6,neuron,bipolar
4896942875,L6,neuron,bipolar
4909805280,L6,neuron,bipolar
4923779678,L6,neuron,bipolar
4938394755,L6,neuron,bipolar
4953491563,L6,neuron,bipolar
4967070664,L6,neuron,bipolar
4967450451,L6,neuron,bipolar
4970618447,L6,neuron,bipolar
4970736617,L6,neuron,bipolar
4982679531,L6,neuron,bipolar
4982709085,L6,neuron,bipolar
4995587451,L6,neuron,bipolar
4996054256,L6,neuron,bipolar
4997163340,L6,neuron,bipolar
5010583019,L6,neuron,bipolar
5026497483,L6,neuron,bipolar
5026978702,L6,neuron,bipolar
5040996135,L6,neuron,bipolar
5041025209,L6,neuron,bipolar
5043507218,L6,neuron,bipolar
5055071249,L6,neuron,bipolar
5057348498,L6,neuron,bipolar
5071131792,L6,neuron,bipolar
5071249782,L6,neuron,bipolar
5098627119,L6,neuron,bipolar
5099063456,L6,neuron,bipolar
5099472292,L6,neuron,bipolar
5113650166,L6,neuron,bipolar
5115007917,L6,neuron,bipolar
5129609835,L6,neuron,bipolar
5142283505,L6,neuron,bipolar
5157016353,L6,neuron,bipolar
5172623275,L6,neuron,bipolar
5185634251,L6,neuron,bipolar
5187589568,L6,neuron,bipolar
5200890813,L6,neuron,bipolar
5202556144,L6,neuron,bipolar
5214645213,L6,neuron,bipolar
5216105078,L6,neuron,bipolar
5216806368,L6,neuron,bipolar
5229888548,L6,neuron,bipolar
5273122529,L6,neuron,bipolar
5273488042,L6,neuron,bipolar
5287664570,L6,neuron,bipolar
5287898185,L6,neuron,bipolar
5288000794,L6,neuron,bipolar
5288570230,L6,neuron,bipolar
5303083237,L6,neuron,bipolar
5303740368,L6,neuron,bipolar
5317129594,L6,neuron,bipolar
5318268259,L6,neuron,bipolar
5319174461,L6,neuron,bipolar
5319189314,L6,neuron,bipolar
5332416660,L6,neuron,bipolar
5334169389,L6,neuron,bipolar
5347997203,L6,neuron,bipolar
5360990796,L6,neuron,bipolar
5389711818,L6,neuron,bipolar
5389798558,L6,neuron,bipolar
5390471780,L6,neuron,bipolar
5390718424,L6,neuron,bipolar
5390777283,L6,neuron,bipolar
5420300029,L6,neuron,bipolar
5421119121,L6,neuron,bipolar
5436070549,L6,neuron,bipolar
5450992548,L6,neuron,bipolar
5461474873,L6,neuron,bipolar
5462175740,L6,neuron,bipolar
5462220303,L6,neuron,bipolar
5463490638,L6,neuron,bipolar
5463549438,L6,neuron,bipolar
5464161519,L6,neuron,bipolar
5477930197,L6,neuron,bipolar
5490457849,L6,neuron,bipolar
5490619460,L6,neuron,bipolar
5492969654,L6,neuron,bipolar
5506548160,L6,neuron,bipolar
5507119268,L6,neuron,bipolar
5507542569,L6,neuron,bipolar
5522112877,L6,neuron,bipolar
5537195692,L6,neuron,bipolar
5550234595,L6,neuron,bipolar
5551577637,L6,neuron,bipolar
5553812751,L6,neuron,bipolar
5566048331,L6,neuron,bipolar
5566471743,L6,neuron,bipolar
5578663121,L6,neuron,bipolar
5593994520,L6,neuron,bipolar
5594315088,L6,neuron,bipolar
5609136304,L6,neuron,bipolar
5609441675,L6,neuron,bipolar
5611676375,L6,neuron,bipolar
5623896693,L6,neuron,bipolar
5651799007,L6,neuron,bipolar
5654281423,L6,neuron,bipolar
5668561627,L6,neuron,bipolar
5680534415,L6,neuron,bipolar
5696317590,L6,neuron,bipolar
5697062393,L6,neuron,bipolar
5709925486,L6,neuron,bipolar
5725578457,L6,neuron,bipolar
5741377673,L6,neuron,bipolar
5753626288,L6,neuron,bipolar
5754239725,L6,neuron,bipolar
5754604567,L6,neuron,bipolar
5768227279,L6,neuron,bipolar
5768490087,L6,neuron,bipolar
5795852767,L6,neuron,bipolar
5814220911,L6,neuron,bipolar
5827565726,L6,neuron,bipolar
5841641104,L6,neuron,bipolar
5842415041,L6,neuron,bipolar
5842736181,L6,neuron,bipolar
5855979281,L6,neuron,bipolar
5856300492,L6,neuron,bipolar
5856681379,L6,neuron,bipolar
5856855332,L6,neuron,bipolar
5858667210,L6,neuron,bipolar
5884846255,L6,neuron,bipolar
5885489433,L6,neuron,bipolar
5898892521,L6,neuron,bipolar
5899623213,L6,neuron,bipolar
5902412181,L6,neuron,bipolar
5929744268,L6,neuron,bipolar
5942169441,L6,neuron,bipolar
5957938062,L6,neuron,bipolar
5959778486,L6,neuron,bipolar
5975007104,L6,neuron,bipolar
5986498025,L6,neuron,bipolar
6003055361,L6,neuron,bipolar
6030578027,L6,neuron,bipolar
6031148777,L6,neuron,bipolar
6031251318,L6,neuron,bipolar
6033163501,L6,neuron,bipolar
6048756362,L6,neuron,bipolar
6059386352,L6,neuron,bipolar
6060540440,L6,neuron,bipolar
6061941185,L6,neuron,bipolar
6074542279,L6,neuron,bipolar
6089143395,L6,neuron,bipolar
6089406844,L6,neuron,bipolar
6090517070,L6,neuron,bipolar
6105335791,L6,neuron,bipolar
6105438686,L6,neuron,bipolar
6105802392,L6,neuron,bipolar
6117557133,L6,neuron,bipolar
6119118591,L6,neuron,bipolar
6146962623,L6,neuron,bipolar
6161125602,L6,neuron,bipolar
6190211117,L6,neuron,bipolar
6191481068,L6,neuron,bipolar
6206258735,L6,neuron,bipolar
6206360170,L6,neuron,bipolar
6219969344,L6,neuron,bipolar
6223371186,L6,neuron,bipolar
6237299270,L6,neuron,bipolar
6251229281,L6,neuron,bipolar
6265538743,L6,neuron,bipolar
6265727162,L6,neuron,bipolar
6279103172,L6,neuron,bipolar
6294345137,L6,neuron,bipolar
6294564355,L6,neuron,bipolar
6296828300,L6,neuron,bipolar
6322437858,L6,neuron,bipolar
6336806574,L6,neuron,bipolar
6350297711,L6,neuron,bipolar
6351305306,L6,neuron,bipolar
6366314710,L6,neuron,bipolar
6380886461,L6,neuron,bipolar
6381513086,L6,neuron,bipolar
6381542289,L6,neuron,bipolar
6381761908,L6,neuron,bipolar
6382507301,L6,neuron,bipolar
6396918186,L6,neuron,bipolar
6397136171,L6,neuron,bipolar
6410715337,L6,neuron,bipolar
6425359893,L6,neuron,bipolar
6425404732,L6,neuron,bipolar
6428221702,L6,neuron,bipolar
6439772042,L6,neuron,bipolar
6485311589,L6,neuron,bipolar
6497547222,L6,neuron,bipolar
6497810620,L6,neuron,bipolar
6498321414,L6,neuron,bipolar
6499490334,L6,neuron,bipolar
6513199759,L6,neuron,bipolar
6513770047,L6,neuron,bipolar
6526033781,L6,neuron,bipolar
6527669458,L6,neuron,bipolar
6554695529,L6,neuron,bipolar
6570625230,L6,neuron,bipolar
6571050167,L6,neuron,bipolar
6572085404,L6,neuron,bipolar
6585240821,L6,neuron,bipolar
6600587785,L6,neuron,bipolar
6614928166,L6,neuron,bipolar
6643323850,L6,neuron,bipolar
6670322392,L6,neuron,bipolar
6700763986,L6,neuron,bipolar
6701685215,L6,neuron,bipolar
6729981313,L6,neuron,bipolar
6731470222,L6,neuron,bipolar
6745384646,L6,neuron,bipolar
6774941443,L6,neuron,bipolar
6791203001,L6,neuron,bipolar
6833983490,L6,neuron,bipolar
6847299586,L6,neuron,bipolar
6862703987,L6,neuron,bipolar
6904345674,L6,neuron,bipolar
6934131750,L6,neuron,bipolar
6963437078,L6,neuron,bipolar
6981906973,L6,neuron,bipolar
6993134927,L6,neuron,bipolar
7006435893,L6,neuron,bipolar
7008861411,L6,neuron,bipolar
7037506859,L6,neuron,bipolar
7037711560,L6,neuron,bipolar
7078610419,L6,neuron,bipolar
7079616124,L6,neuron,bipolar
7151964489,L6,neuron,bipolar
7155002508,L6,neuron,bipolar
7197958715,L6,neuron,bipolar
7269940187,L6,neuron,bipolar
7285402573,L6,neuron,bipolar
7342580098,L6,neuron,bipolar
7357970055,L6,neuron,bipolar
7589076466,L6,neuron,bipolar
13715888920,L6,neuron,bipolar
15566039754,L6,neuron,bipolar
15654740825,L6,neuron,bipolar
23834819449,L6,neuron,bipolar
25090184518,L6,neuron,bipolar
30719398094,L6,neuron,bipolar
30777566494,L6,neuron,bipolar
30922643592,L6,neuron,bipolar
30924291631,L6,neuron,bipolar
31068084020,L6,neuron,bipolar
31097766223,L6,neuron,bipolar
31112105645,L6,neuron,bipolar
31140649483,L6,neuron,bipolar
31184292736,L6,neuron,bipolar
31228154761,L6,neuron,bipolar
31242477321,L6,neuron,bipolar
31242624451,L6,neuron,bipolar
31243820332,L6,neuron,bipolar
31272847569,L6,neuron,bipolar
31286498015,L6,neuron,bipolar
31286704155,L6,neuron,bipolar
31315731476,L6,neuron,bipolar
31373727125,L6,neuron,bipolar
31389348839,L6,neuron,bipolar
31402461068,L6,neuron,bipolar
31402987106,L6,neuron,bipolar
31432028906,L6,neuron,bipolar
31460748433,L6,neuron,bipolar
31461725447,L6,neuron,bipolar
31576972142,L6,neuron,bipolar
31650284631,L6,neuron,bipolar
31663935446,L6,neuron,bipolar
31708920904,L6,neuron,bipolar
31709913610,L6,neuron,bipolar
31737466934,L6,neuron,bipolar
31738632217,L6,neuron,bipolar
31739566697,L6,neuron,bipolar
31767266551,L6,neuron,bipolar
31780699393,L6,neuron,bipolar
31795972550,L6,neuron,bipolar
31839716486,L6,neuron,bipolar
31870203142,L6,neuron,bipolar
31884308082,L6,neuron,bipolar
31896997112,L6,neuron,bipolar
32045210882,L6,neuron,bipolar
32072908513,L6,neuron,bipolar
32086882558,L6,neuron,bipolar
32436474574,L6,neuron,bipolar
32656218839,L6,neuron,bipolar
32991909035,L6,neuron,bipolar
33036165057,L6,neuron,bipolar
33196294881,L6,neuron,bipolar
33252947296,L6,neuron,bipolar
33268365085,L6,neuron,bipolar
33417500026,L6,neuron,bipolar
33430669520,L6,neuron,bipolar
33458952421,L6,neuron,bipolar
33472530473,L6,neuron,bipolar
33474238830,L6,neuron,bipolar
33487293107,L6,neuron,bipolar
33489234506,L6,neuron,bipolar
33517254263,L6,neuron,bipolar
33619943001,L6,neuron,bipolar
33660869921,L6,neuron,bipolar
33662782601,L6,neuron,bipolar
33693487944,L6,neuron,bipolar
33705943151,L6,neuron,bipolar
33706468670,L6,neuron,bipolar
33706585427,L6,neuron,bipolar
33720996620,L6,neuron,bipolar
33734064742,L6,neuron,bipolar
33734721840,L6,neuron,bipolar
33735801875,L6,neuron,bipolar
33750607900,L6,neuron,bipolar
33807419989,L6,neuron,bipolar
33880497330,L6,neuron,bipolar
33896018983,L6,neuron,bipolar
33909583097,L6,neuron,bipolar
33925571358,L6,neuron,bipolar
33939953515,L6,neuron,bipolar
33967797098,L6,neuron,bipolar
34026974968,L6,neuron,bipolar
34041123569,L6,neuron,bipolar
34056264908,L6,neuron,bipolar
34099761320,L6,neuron,bipolar
34187104880,L6,neuron,bipolar
34259290201,L6,neuron,bipolar
34259510821,L6,neuron,bipolar
34259627862,L6,neuron,bipolar
34288567034,L6,neuron,bipolar
39205833204,L6,neuron,bipolar
39278268244,L6,neuron,bipolar
39540618731,L6,neuron,bipolar
39642140346,L6,neuron,bipolar
39787112893,L6,neuron,bipolar
39787288574,L6,neuron,bipolar
39845561424,L6,neuron,bipolar
39889012592,L6,neuron,bipolar
39903658903,L6,neuron,bipolar
39961873007,L6,neuron,bipolar
39990943478,L6,neuron,bipolar
40077878133,L6,neuron,bipolar
40107153015,L6,neuron,bipolar
40121593287,L6,neuron,bipolar
40179559513,L6,neuron,bipolar
41113409817,L6,neuron,bipolar
42250973644,L6,neuron,bipolar
42571537400,L6,neuron,bipolar
42776449026,L6,neuron,bipolar
42817098050,L6,neuron,bipolar
42818748356,L6,neuron,bipolar
43109745456,L6,neuron,bipolar
43167390310,L6,neuron,bipolar
51816132221,L6,neuron,bipolar
51859672130,L6,neuron,bipolar
51916762089,L6,neuron,bipolar
66543081169,L6,neuron,bipolar
66659289981,L6,neuron,bipolar
69633936695,L6,neuron,bipolar
74142213737,L6,neuron,bipolar
74723961142,L6,neuron,bipolar
74782467384,L6,neuron,bipolar
78601447100,L6,neuron,bipolar
4939505056,WM,neuron,bipolar
5390486092,WM,neuron,bipolar
5407684828,WM,neuron,bipolar
5475930233,WM,neuron,bipolar
5607528978,WM,neuron,bipolar
5694873360,WM,neuron,bipolar
5768665534,WM,neuron,bipolar
5824733155,WM,neuron,bipolar
5829727160,WM,neuron,bipolar
5883735873,WM,neuron,bipolar
5902512845,WM,neuron,bipolar
5942768753,WM,neuron,bipolar
6015642184,WM,neuron,bipolar
6073213825,WM,neuron,bipolar
6088121881,WM,neuron,bipolar
6101058307,WM,neuron,bipolar
6191072510,WM,neuron,bipolar
6218653521,WM,neuron,bipolar
6263276083,WM,neuron,bipolar
6349420196,WM,neuron,bipolar
6351303836,WM,neuron,bipolar
6408787780,WM,neuron,bipolar
6425799553,WM,neuron,bipolar
6438763616,WM,neuron,bipolar
6467805051,WM,neuron,bipolar
6525742392,WM,neuron,bipolar
6612385739,WM,neuron,bipolar
6642827177,WM,neuron,bipolar
6672861861,WM,neuron,bipolar
6728462865,WM,neuron,bipolar
6759183558,WM,neuron,bipolar
6787012051,WM,neuron,bipolar
6804636718,WM,neuron,bipolar
6846160724,WM,neuron,bipolar
6873873396,WM,neuron,bipolar
6874691081,WM,neuron,bipolar
6889262856,WM,neuron,bipolar
6933155262,WM,neuron,bipolar
6977044091,WM,neuron,bipolar
7095167696,WM,neuron,bipolar
7181501853,WM,neuron,bipolar
7196644737,WM,neuron,bipolar
7283110982,WM,neuron,bipolar
7412752516,WM,neuron,bipolar
7429105636,WM,neuron,bipolar
7442640755,WM,neuron,bipolar
7486911887,WM,neuron,bipolar
7546351743,WM,neuron,bipolar
7574137353,WM,neuron,bipolar
7589658232,WM,neuron,bipolar
7632645460,WM,neuron,bipolar
7716439566,WM,neuron,bipolar
7847570285,WM,neuron,bipolar
7878612352,WM,neuron,bipolar
7994631688,WM,neuron,bipolar
24183929410,WM,neuron,bipolar
32232235791,WM,neuron,bipolar
32377574514,WM,neuron,bipolar
32480919756,WM,neuron,bipolar
33017637670,WM,neuron,bipolar
33177708791,WM,neuron,bipolar
33573978352,WM,neuron,bipolar
33617694571,WM,neuron,bipolar
33628835525,WM,neuron,bipolar
33707723541,WM,neuron,bipolar
33733597584,WM,neuron,bipolar
33747615006,WM,neuron,bipolar
33849573319,WM,neuron,bipolar
33864991883,WM,neuron,bipolar
33908809525,WM,neuron,bipolar
33951590438,WM,neuron,bipolar
34024916677,WM,neuron,bipolar
34083028439,WM,neuron,bipolar
34128408583,WM,neuron,bipolar
34155055348,WM,neuron,bipolar
34170313704,WM,neuron,bipolar
34170897343,WM,neuron,bipolar
34214392248,WM,neuron,bipolar
34475620515,WM,neuron,bipolar
41402304669,WM,neuron,bipolar
41740069974,WM,neuron,bipolar
41766045822,WM,neuron,bipolar
41868047014,WM,neuron,bipolar
42685892214,WM,neuron,bipolar
42859747120,WM,neuron,bipolar
42949353565,WM,neuron,bipolar
43079580360,WM,neuron,bipolar
43090560469,WM,neuron,bipolar
43138904385,WM,neuron,bipolar
43240307073,WM,neuron,bipolar
43269305550,WM,neuron,bipolar
43280345455,WM,neuron,bipolar
52235954842,WM,neuron,bipolar
69937843003,WM,neuron,bipolar
69965729370,WM,neuron,bipolar
70024557968,WM,neuron,bipolar
70066681770,WM,neuron,bipolar
78453451289,WM,neuron,bipolar
78628780859,WM,neuron,bipolar
4559469707,unclassified,neuron,bipolar
32203501227,unclassified,neuron,bipolar
38014318705,unclassified,neuron,bipolar
56703496131,unclassified,neuron,bipolar
78398493700,unclassified,neuron,bipolar
100892442903,unclassified,neuron,bipolar
101028978632,unclassified,neuron,bipolar
